name,subject,body,thread_ordering_number
General Template - 1,General Template Subject - 1,<h5>General Template - 1</h5><br><h6>Thread 1</h6><br><p>This is Thread No. 1 From General Template 1.</p>,1
General Template - 1,General Template Subject - 1,<h5>General Template - 1</h5><br><h6>Thread 2</h6><br><p>This is Thread No. 2 From General Template 1.</p>,2
General Template - 1,General Template Subject - 1,<h5>General Template - 1</h5><br><h6>Thread 3</h6><br><p>This is Thread No. 3 From General Template 1.</p>,3
General Template - 1,General Template Subject - 1,<h5>General Template - 1</h5><br><h6>Thread 4</h6><br><p>This is Thread No. 4 From General Template 1.</p>,4
General Template - 1,General Template Subject - 1,<h5>General Template - 1</h5><br><h6>Thread 5</h6><br><p>This is Thread No. 5 From General Template 1.</p>,5
General Template - 1,General Template Subject - 1,<h5>General Template - 1</h5><br><h6>Thread 6</h6><br><p>This is Thread No. 6 From General Template 1.</p>,6
General Template - 1,General Template Subject - 1,<h5>General Template - 1</h5><br><h6>Thread 7</h6><br><p>This is Thread No. 7 From General Template 1.</p>,7
General Template - 1,General Template Subject - 1,<h5>General Template - 1</h5><br><h6>Thread 8</h6><br><p>This is Thread No. 8 From General Template 1.</p>,8
General Template - 1,General Template Subject - 1,<h5>General Template - 1</h5><br><h6>Thread 9</h6><br><p>This is Thread No. 9 From General Template 1.</p>,9
General Template - 1,General Template Subject - 1,<h5>General Template - 1</h5><br><h6>Thread 10</h6><br><p>This is Thread No. 10 From General Template 1.</p>,10
General Template - 1,General Template Subject - 1,<h5>General Template - 1</h5><br><h6>Thread 11</h6><br><p>This is Thread No. 11 From General Template 1.</p>,11
General Template - 1,General Template Subject - 1,<h5>General Template - 1</h5><br><h6>Thread 12</h6><br><p>This is Thread No. 12 From General Template 1.</p>,12
General Template - 1,General Template Subject - 1,<h5>General Template - 1</h5><br><h6>Thread 13</h6><br><p>This is Thread No. 13 From General Template 1.</p>,13
General Template - 1,General Template Subject - 1,<h5>General Template - 1</h5><br><h6>Thread 14</h6><br><p>This is Thread No. 14 From General Template 1.</p>,14
General Template - 1,General Template Subject - 1,<h5>General Template - 1</h5><br><h6>Thread 15</h6><br><p>This is Thread No. 15 From General Template 1.</p>,15
General Template - 1,General Template Subject - 1,<h5>General Template - 1</h5><br><h6>Thread 16</h6><br><p>This is Thread No. 16 From General Template 1.</p>,16
General Template - 1,General Template Subject - 1,<h5>General Template - 1</h5><br><h6>Thread 17</h6><br><p>This is Thread No. 17 From General Template 1.</p>,17
General Template - 2,General Template Subject - 2,<h5>General Template - 2</h5><br><h6>Thread 1</h6><br><p>This is Thread No. 1 From General Template 2.</p>,1
General Template - 2,General Template Subject - 2,<h5>General Template - 2</h5><br><h6>Thread 2</h6><br><p>This is Thread No. 2 From General Template 2.</p>,2
General Template - 2,General Template Subject - 2,<h5>General Template - 2</h5><br><h6>Thread 3</h6><br><p>This is Thread No. 3 From General Template 2.</p>,3
General Template - 2,General Template Subject - 2,<h5>General Template - 2</h5><br><h6>Thread 4</h6><br><p>This is Thread No. 4 From General Template 2.</p>,4
General Template - 2,General Template Subject - 2,<h5>General Template - 2</h5><br><h6>Thread 5</h6><br><p>This is Thread No. 5 From General Template 2.</p>,5
General Template - 2,General Template Subject - 2,<h5>General Template - 2</h5><br><h6>Thread 6</h6><br><p>This is Thread No. 6 From General Template 2.</p>,6
General Template - 3,General Template Subject - 3,<h5>General Template - 3</h5><br><h6>Thread 1</h6><br><p>This is Thread No. 1 From General Template 3.</p>,1
General Template - 3,General Template Subject - 3,<h5>General Template - 3</h5><br><h6>Thread 2</h6><br><p>This is Thread No. 2 From General Template 3.</p>,2
General Template - 3,General Template Subject - 3,<h5>General Template - 3</h5><br><h6>Thread 3</h6><br><p>This is Thread No. 3 From General Template 3.</p>,3
General Template - 3,General Template Subject - 3,<h5>General Template - 3</h5><br><h6>Thread 4</h6><br><p>This is Thread No. 4 From General Template 3.</p>,4
General Template - 3,General Template Subject - 3,<h5>General Template - 3</h5><br><h6>Thread 5</h6><br><p>This is Thread No. 5 From General Template 3.</p>,5
General Template - 3,General Template Subject - 3,<h5>General Template - 3</h5><br><h6>Thread 6</h6><br><p>This is Thread No. 6 From General Template 3.</p>,6
General Template - 3,General Template Subject - 3,<h5>General Template - 3</h5><br><h6>Thread 7</h6><br><p>This is Thread No. 7 From General Template 3.</p>,7
General Template - 3,General Template Subject - 3,<h5>General Template - 3</h5><br><h6>Thread 8</h6><br><p>This is Thread No. 8 From General Template 3.</p>,8
General Template - 3,General Template Subject - 3,<h5>General Template - 3</h5><br><h6>Thread 9</h6><br><p>This is Thread No. 9 From General Template 3.</p>,9
